Class;X1;X2;X3
0;-0.5240707458162173;1.1584584505919038;-3.2600896669038413
1;1.207840077192389;4.162911593024004;-3.868942281520374
2;3.0263359831097483;6.654235591018601;-3.4812919713439845
3;8.468661922093393;8.202409679080793;-3.059472984955104
4;16.672922902548777;8.265903922090741;-2.721863718911676
5;24.301232848047047;10.38079704190724;-2.2639093857134065
